dataset,source,n,d,IR,R_mean,R_std,R_n_mean,R_n_std,R_p_mean,R_p_std,R_g_mean,R_g_std,C_mean,C_std,pct_arch_A,pct_arch_C,archetype_label,archetype_main_label,pct_comp_O,pct_comp_B,pct_comp_D,compensation_label,compensation_main_label
glass1,KEEL,214,9,1.816,0.7548,0.0474,0.5507,0.0056,1.2396,0.0413,0.8578,0.0784,1.2942,0.0674,3.3,96.7,CA,C,0.0,0.0,100.0,D,D
ecoli-0_vs_1,KEEL,220,7,1.857,2.0864,0.3847,0.5385,0.0067,1.4446,0.114,2.8399,0.3456,0.9453,0.1041,100.0,0.0,A,A,100.0,0.0,0.0,O,O
wisconsin,KEEL,683,9,1.858,1.9359,0.2474,0.5383,0.0014,1.9832,0.2078,4.8367,0.0647,0.3747,0.0255,100.0,0.0,A,A,100.0,0.0,0.0,O,O
pima,KEEL,768,8,1.866,0.9001,0.0289,0.536,0.0012,1.2881,0.0165,1.4365,0.0516,0.9079,0.0153,100.0,0.0,A,A,0.0,0.0,100.0,D,D
iris0,KEEL,150,4,2.0,3.342,0.2068,0.5,0.0,1.9848,0.0107,1.9946,0.0688,1.6888,0.0944,100.0,0.0,A,A,100.0,0.0,0.0,O,O
glass0,KEEL,214,9,2.057,0.5491,0.0486,0.4861,0.0017,1.7355,0.049,0.3048,0.0254,2.143,0.1869,0.0,100.0,C,C,0.0,0.0,100.0,D,D
yeast1,KEEL,1484,8,2.459,0.535,0.0282,0.4066,0.0005,1.3508,0.0211,0.7885,0.0298,1.2358,0.0554,0.0,100.0,C,C,0.0,0.0,100.0,D,D
haberman,KEEL,306,3,2.778,0.5243,0.0336,0.36,0.0023,1.14,0.0288,1.3943,0.1407,0.922,0.072,100.0,0.0,A,A,0.0,0.0,100.0,D,D
vehicle2,KEEL,846,18,2.881,0.7462,0.0323,0.3471,0.0012,2.4984,0.0552,1.004,0.0555,0.859,0.0467,56.7,43.3,AC,A,0.0,0.0,100.0,D,D
vehicle1,KEEL,846,18,2.899,0.637,0.0127,0.345,0.0012,1.8434,0.038,0.974,0.0202,1.0287,0.0148,10.0,90.0,CA,C,0.0,0.0,100.0,D,D
vehicle3,KEEL,846,18,2.991,0.6409,0.0148,0.3344,0.0012,1.845,0.0381,0.9954,0.027,1.0441,0.0184,43.3,56.7,CA,C,0.0,0.0,100.0,D,D
glass-0-1-2-3_vs_4-5-6,KEEL,214,9,3.196,0.7439,0.1234,0.3129,0.004,1.7915,0.128,3.4042,0.2923,0.3892,0.0377,100.0,0.0,A,A,3.3,10.0,86.7,DBO,D
vehicle0,KEEL,846,18,3.251,0.8543,0.0581,0.3076,0.001,3.1963,0.0877,1.031,0.0503,0.8431,0.0384,70.0,30.0,AC,A,0.0,3.3,96.7,DB,D
ecoli1,KEEL,336,7,3.364,0.7084,0.0554,0.2973,0.0028,2.5425,0.1482,0.9038,0.0801,1.0441,0.0989,13.3,86.7,CA,C,0.0,0.0,100.0,D,D
new-thyroid1,KEEL,215,5,5.143,2.4497,0.2236,0.1944,0.0,3.5174,0.1838,3.3389,0.1278,1.0731,0.0765,100.0,0.0,A,A,100.0,0.0,0.0,O,O
new-thyroid2,KEEL,215,5,5.143,2.4436,0.2016,0.1944,0.0,3.5162,0.1607,3.3362,0.1438,1.0728,0.0833,100.0,0.0,A,A,100.0,0.0,0.0,O,O
ecoli2,KEEL,336,7,5.462,0.3715,0.0207,0.1831,0.0024,3.2728,0.2025,0.7181,0.0436,0.8681,0.0729,0.0,100.0,C,C,0.0,0.0,100.0,D,D
segment0,KEEL,2308,19,6.015,0.5791,0.0337,0.1662,0.0003,4.858,0.2071,0.4024,0.0069,1.782,0.0694,0.0,100.0,C,C,0.0,0.0,100.0,D,D
glass6,KEEL,214,9,6.379,0.6512,0.1863,0.1568,0.0027,4.0356,0.8621,2.4387,0.2149,0.4217,0.0525,100.0,0.0,A,A,3.3,6.7,90.0,DBO,D
yeast3,KEEL,1484,8,8.104,0.4333,0.0295,0.1234,0.0005,4.7308,0.1834,0.8238,0.0562,0.9027,0.0385,0.0,100.0,C,C,0.0,0.0,100.0,D,D
ecoli,imblearn,336,7,8.6,0.531,0.0691,0.1163,0.0002,5.1034,0.3407,1.0755,0.1322,0.8467,0.1606,80.0,20.0,AC,A,0.0,0.0,100.0,D,D
page-blocks0,KEEL,5472,10,8.789,1.3637,0.1397,0.1138,0.0001,3.4819,0.0891,15.2786,0.7469,0.2257,0.0241,100.0,0.0,A,A,93.3,6.7,0.0,OB,O
ecoli-0-3-4_vs_5,KEEL,200,7,9.0,0.702,0.0979,0.1111,0.0,4.6562,0.4306,1.8634,0.4105,0.7437,0.0749,100.0,0.0,A,A,0.0,0.0,100.0,D,D
yeast-2_vs_4,KEEL,514,8,9.078,0.8266,0.0676,0.1102,0.0012,4.1372,0.3462,2.0223,0.2014,0.9103,0.128,100.0,0.0,A,A,0.0,3.3,96.7,DB,D
ecoli-0-6-7_vs_3-5,KEEL,222,7,9.091,0.9056,0.1696,0.11,0.0031,4.3056,0.3311,4.2395,0.9186,0.464,0.0807,100.0,0.0,A,A,16.7,30.0,53.3,DBO,D
ecoli-0-2-3-4_vs_5,KEEL,202,7,9.1,0.6991,0.0949,0.1099,0.0004,4.6392,0.3704,1.8746,0.3639,0.7441,0.0803,100.0,0.0,A,A,0.0,0.0,100.0,D,D
glass-0-1-5_vs_2,KEEL,172,9,9.118,0.2149,0.0343,0.1097,0.004,1.8802,0.109,0.5924,0.0906,1.7684,0.138,0.0,100.0,C,C,0.0,0.0,100.0,D,D
yeast-0-3-5-9_vs_7-8,KEEL,506,8,9.12,0.3775,0.0483,0.1096,0.0001,1.9787,0.1748,1.7396,0.1221,1.0088,0.1462,100.0,0.0,A,A,0.0,0.0,100.0,D,D
yeast-0-2-5-6_vs_3-7-8-9,KEEL,1004,8,9.141,0.9615,0.0649,0.1094,0.0006,3.1438,0.1245,3.3925,0.1768,0.8259,0.0569,100.0,0.0,A,A,6.7,56.7,36.7,BDO,B
yeast-0-2-5-7-9_vs_3-6-8,KEEL,1004,8,9.141,1.374,0.1218,0.1094,0.0006,4.8202,0.1784,2.6538,0.1089,0.9855,0.1073,100.0,0.0,A,A,100.0,0.0,0.0,O,O
optical_digits,imblearn,5620,64,9.144,0.4829,0.0211,0.1094,0.0001,5.2922,0.1518,0.6611,0.0272,1.2645,0.0731,0.0,100.0,C,C,0.0,0.0,100.0,D,D
ecoli-0-4-6_vs_5,KEEL,203,6,9.15,0.5968,0.0818,0.1093,0.0004,4.3985,0.5376,1.952,0.2442,0.6409,0.0421,100.0,0.0,A,A,0.0,0.0,100.0,D,D
ecoli-0-1_vs_2-3-5,KEEL,244,7,9.167,0.8645,0.1135,0.1091,0.0023,4.6096,0.4558,5.2246,1.0633,0.3461,0.0906,100.0,0.0,A,A,10.0,10.0,80.0,DOB,D
ecoli-0-2-6-7_vs_3-5,KEEL,224,7,9.182,0.8778,0.1691,0.1089,0.0033,4.3314,0.5206,4.2334,0.9855,0.4577,0.0917,100.0,0.0,A,A,16.7,10.0,73.3,DOB,D
glass-0-4_vs_5,KEEL,92,9,9.222,0.4155,0.1097,0.1085,0.0065,4.7962,0.666,1.7423,0.3501,0.4729,0.1346,96.7,3.3,AC,A,0.0,0.0,100.0,D,D
ecoli-0-3-4-6_vs_5,KEEL,205,7,9.25,0.5971,0.0739,0.1081,0.0,4.4385,0.5271,1.6138,0.2104,0.7795,0.0685,100.0,0.0,A,A,0.0,0.0,100.0,D,D
satimage,imblearn,6435,36,9.28,0.0891,0.0019,0.1078,0.0001,1.9839,0.0355,0.3373,0.0047,1.2354,0.0071,0.0,100.0,C,C,0.0,0.0,100.0,D,D
ecoli-0-3-4-7_vs_5-6,KEEL,257,7,9.28,0.7411,0.0791,0.1078,0.0003,4.6926,0.5427,2.2994,0.3948,0.6509,0.0828,100.0,0.0,A,A,0.0,0.0,100.0,D,D
yeast-0-5-6-7-9_vs_4,KEEL,528,8,9.353,0.3367,0.0437,0.1069,0.0011,3.2848,0.1951,1.1421,0.0995,0.8495,0.1529,86.7,13.3,AC,A,0.0,0.0,100.0,D,D
pen_digits,imblearn,10992,16,9.419,0.6302,0.0087,0.1062,0.0,5.2766,0.0704,1.2548,0.0059,0.8966,0.0062,100.0,0.0,A,A,0.0,0.0,100.0,D,D
abalone,imblearn,4177,10,9.683,0.2692,0.0071,0.1033,0.0001,2.6045,0.0549,1.01,0.0143,0.991,0.0192,76.7,23.3,AC,A,0.0,0.0,100.0,D,D
sick_euthyroid,imblearn,3163,42,9.795,0.6282,0.0259,0.1021,0.0002,5.9263,0.1474,0.5867,0.024,1.772,0.0798,0.0,100.0,C,C,0.0,0.0,100.0,D,D
vowel0,KEEL,988,13,9.978,1.2024,0.0465,0.1002,0.0001,7.1385,0.2365,1.797,0.0272,0.9353,0.0174,100.0,0.0,A,A,100.0,0.0,0.0,O,O
ecoli-0-6-7_vs_5,KEEL,220,6,10.0,0.6906,0.0958,0.1,0.0,4.9349,0.6191,2.062,0.283,0.6878,0.0795,100.0,0.0,A,A,0.0,0.0,100.0,D,D
glass-0-1-6_vs_2,KEEL,192,9,10.294,0.2086,0.0287,0.0971,0.0036,2.1029,0.1178,0.4928,0.0533,2.0733,0.1259,0.0,100.0,C,C,0.0,0.0,100.0,D,D
ecoli-0-1-4-7_vs_2-3-5-6,KEEL,336,7,10.586,0.7587,0.1168,0.0945,0.0018,4.3054,0.3792,4.9626,0.9328,0.3899,0.0904,100.0,0.0,A,A,0.0,10.0,90.0,DB,D
spectrometer,imblearn,531,93,10.8,1.3874,0.2451,0.0926,0.0001,7.7794,0.5832,6.7723,0.4377,0.2848,0.0453,100.0,0.0,A,A,86.7,6.7,6.7,OBD,O
led7digit-0-2-4-5-6-7-8-9_vs_1,KEEL,443,7,10.973,0.8032,0.0922,0.0911,0.0016,7.7557,0.8452,1.429,0.042,0.7957,0.0246,100.0,0.0,A,A,0.0,6.7,93.3,DB,D
ecoli-0-1_vs_5,KEEL,240,6,11.0,0.9428,0.1603,0.0909,0.0,5.8106,0.4964,3.0894,0.907,0.608,0.1189,100.0,0.0,A,A,16.7,23.3,60.0,DBO,D
glass-0-6_vs_5,KEEL,108,9,11.0,0.4367,0.0728,0.0909,0.0053,5.1519,0.3507,1.5058,0.3705,0.6477,0.1401,83.3,16.7,AC,A,0.0,0.0,100.0,D,D
glass-0-1-4-6_vs_2,KEEL,205,9,11.059,0.2066,0.0375,0.0904,0.0036,2.1754,0.1616,0.4591,0.0758,2.2968,0.1836,0.0,100.0,C,C,0.0,0.0,100.0,D,D
glass2,KEEL,214,9,11.588,0.1599,0.0243,0.0863,0.0033,2.2012,0.1688,0.4111,0.0519,2.0573,0.1791,0.0,100.0,C,C,0.0,0.0,100.0,D,D
car_eval_34,imblearn,1728,21,11.896,0.8765,0.0185,0.0841,0.0003,10.4263,0.2136,1.0002,0.0042,0.9998,0.0033,50.0,50.0,CA,C,0.0,0.0,100.0,D,D
isolet,imblearn,7797,617,11.995,0.8939,0.0191,0.0834,0.0,11.4446,0.1868,0.7269,0.0046,1.2889,0.0174,0.0,100.0,C,C,0.0,0.0,100.0,D,D
ecoli-0-1-4-7_vs_5-6,KEEL,332,6,12.28,0.8404,0.099,0.0814,0.0002,5.8669,0.6998,3.2583,0.2785,0.5442,0.0533,100.0,0.0,A,A,0.0,20.0,80.0,DB,D
us_crime,imblearn,1994,100,12.293,0.6375,0.0259,0.0813,0.0,5.6935,0.2128,2.0239,0.0668,0.6808,0.025,100.0,0.0,A,A,0.0,0.0,100.0,D,D
cleveland-0_vs_4,KEEL,173,13,12.308,0.9602,0.1123,0.0812,0.0039,9.7951,0.6255,2.1987,0.1264,0.5493,0.0406,100.0,0.0,A,A,16.7,33.3,50.0,DBO,D
yeast_ml8,imblearn,2417,103,12.579,0.1623,0.0072,0.0795,0.0003,2.04,0.0923,1.001,0.0012,0.9996,0.001,76.7,23.3,AC,A,0.0,0.0,100.0,D,D
scene,imblearn,2407,294,12.599,0.4015,0.0173,0.0794,0.0003,4.9807,0.2062,0.9151,0.0224,1.1107,0.0385,0.0,100.0,C,C,0.0,0.0,100.0,D,D
ecoli-0-1-4-6_vs_5,KEEL,280,6,13.0,0.5511,0.0597,0.0769,0.0,5.8012,0.5629,1.8775,0.1683,0.6621,0.0593,100.0,0.0,A,A,0.0,0.0,100.0,D,D
shuttle-c0-vs-c4,KEEL,1829,9,13.87,23.8289,9.0888,0.0721,0.0004,13.2652,0.231,16.7156,4.556,1.4761,0.5239,100.0,0.0,A,A,100.0,0.0,0.0,O,O
libras_move,imblearn,360,90,14.0,0.7229,0.065,0.0714,0.0016,8.3118,1.1534,1.1415,0.0524,1.076,0.072,100.0,0.0,A,A,0.0,0.0,100.0,D,D
yeast-1_vs_7,KEEL,459,7,14.3,0.4458,0.0485,0.0699,0.0001,3.3711,0.2473,1.2903,0.0831,1.4652,0.0638,100.0,0.0,A,A,0.0,0.0,100.0,D,D
thyroid_sick,imblearn,3772,52,15.329,0.5469,0.0328,0.0652,0.0001,7.8403,0.2508,1.2416,0.2693,0.9189,0.279,80.0,20.0,AC,A,0.0,0.0,100.0,D,D
glass4,KEEL,214,9,15.462,0.3779,0.0822,0.0647,0.0032,6.8045,1.3819,3.505,0.4659,0.2502,0.0469,100.0,0.0,A,A,0.0,0.0,100.0,D,D
coil_2000,imblearn,9822,85,15.761,0.2124,0.0128,0.0634,0.0001,2.1194,0.0369,1.2862,0.0567,1.228,0.0455,100.0,0.0,A,A,0.0,0.0,100.0,D,D
ecoli4,KEEL,336,7,15.8,0.7347,0.0955,0.0633,0.0001,9.4038,0.9122,1.679,0.2778,0.745,0.0687,100.0,0.0,A,A,0.0,0.0,100.0,D,D
page-blocks-1-3_vs_4,KEEL,472,10,15.857,0.5679,0.1236,0.0631,0.0014,3.2542,0.3793,5.7991,0.687,0.4919,0.1274,100.0,0.0,A,A,0.0,0.0,100.0,D,D
abalone9-18,KEEL,731,10,16.405,0.3464,0.0323,0.061,0.0009,4.1473,0.2632,1.614,0.1169,0.8519,0.0695,100.0,0.0,A,A,0.0,0.0,100.0,D,D
arrhythmia,imblearn,452,278,17.08,0.6668,0.0296,0.0585,0.0001,14.431,0.2936,0.504,0.0333,1.5717,0.1104,0.0,100.0,C,C,0.0,0.0,100.0,D,D
solar_flare_m0,imblearn,1389,32,19.426,0.3051,0.0266,0.0515,0.0005,3.3105,0.254,2.0512,0.072,0.8737,0.0436,100.0,0.0,A,A,0.0,0.0,100.0,D,D
glass-0-1-6_vs_5,KEEL,184,9,19.444,0.3403,0.0508,0.0514,0.0029,8.5526,0.6329,1.4693,0.3426,0.5557,0.1417,83.3,16.7,AC,A,0.0,0.0,100.0,D,D
shuttle-c2-vs-c4,KEEL,129,9,20.5,1.0983,0.8734,0.0488,0.0043,14.0971,3.811,3.4531,0.3958,0.4269,0.2356,100.0,0.0,A,A,36.7,0.0,63.3,DO,D
oil,imblearn,937,49,21.854,0.3758,0.0185,0.0458,0.0006,8.8218,0.4452,1.0701,0.0723,0.8737,0.0572,90.0,10.0,AC,A,0.0,0.0,100.0,D,D
yeast-1-4-5-8_vs_7,KEEL,693,8,22.1,0.1174,0.0235,0.0452,0.0,2.14,0.2678,0.7259,0.0572,1.657,0.0941,0.0,100.0,C,C,0.0,0.0,100.0,D,D
glass5,KEEL,214,9,22.778,0.2931,0.0355,0.0439,0.0025,7.7938,0.8228,1.3176,0.3073,0.6978,0.2169,83.3,16.7,AC,A,0.0,0.0,100.0,D,D
yeast-2_vs_8,KEEL,482,8,23.1,0.4306,0.0802,0.0433,0.0001,3.2986,0.5849,3.9588,0.1171,0.7683,0.1243,100.0,0.0,A,A,0.0,0.0,100.0,D,D
car_eval_4,imblearn,1728,21,25.585,0.9058,0.0249,0.0391,0.0,23.1732,0.6364,1.0003,0.0042,0.9998,0.0033,56.7,43.3,AC,A,0.0,3.3,96.7,DB,D
wine_quality,imblearn,4898,11,25.765,0.2095,0.019,0.0388,0.0001,3.1672,0.2208,1.8464,0.0904,0.9234,0.0415,100.0,0.0,A,A,0.0,0.0,100.0,D,D
letter_img,imblearn,20000,16,26.248,0.3926,0.0073,0.0381,0.0,11.7199,0.1791,0.96,0.0078,0.916,0.0075,0.0,100.0,C,C,0.0,0.0,100.0,D,D
yeast_me2,imblearn,1484,8,28.098,0.2426,0.0232,0.0356,0.0004,6.1585,0.6113,1.4834,0.1592,0.763,0.1455,100.0,0.0,A,A,0.0,0.0,100.0,D,D
yeast-1-2-8-9_vs_7,KEEL,947,8,30.567,0.2589,0.0431,0.0327,0.0,3.763,0.4761,1.0811,0.098,1.9494,0.1838,80.0,20.0,AC,A,0.0,0.0,100.0,D,D
yeast5,KEEL,1484,8,32.727,0.6014,0.0483,0.0306,0.0004,16.8749,0.9851,1.8771,0.0838,0.6216,0.025,100.0,0.0,A,A,0.0,0.0,100.0,D,D
ozone_level,imblearn,2536,72,33.74,0.3517,0.0218,0.0296,0.0003,11.0125,0.7041,0.8927,0.0196,1.2077,0.025,0.0,100.0,C,C,0.0,0.0,100.0,D,D
webpage,imblearn,34780,300,34.454,0.5851,0.0406,0.029,0.0,11.1154,0.3501,11.6326,0.2278,0.1558,0.0075,100.0,0.0,A,A,0.0,0.0,100.0,D,D
ecoli-0-1-3-7_vs_2-6,KEEL,281,7,39.143,0.6254,0.1218,0.0256,0.0023,9.6857,2.4273,4.7963,0.7818,0.5475,0.0748,100.0,0.0,A,A,3.3,0.0,96.7,DO,D
abalone-17_vs_7-8-9-10,KEEL,2338,10,39.31,0.2141,0.0347,0.0254,0.0003,6.5633,0.5519,1.7566,0.1322,0.731,0.0866,100.0,0.0,A,A,0.0,0.0,100.0,D,D
abalone-21_vs_8,KEEL,581,10,40.5,0.6064,0.1114,0.0247,0.0009,12.0573,1.9777,3.6025,0.3495,0.5708,0.0682,100.0,0.0,A,A,0.0,0.0,100.0,D,D
yeast6,KEEL,1484,8,41.4,0.3044,0.0276,0.0242,0.0,11.8807,0.9269,1.3044,0.0461,0.8141,0.0467,100.0,0.0,A,A,0.0,0.0,100.0,D,D
mammography,imblearn,11183,6,42.012,0.5068,0.0428,0.0238,0.0,10.6456,0.361,5.6791,0.2472,0.3531,0.0343,100.0,0.0,A,A,0.0,0.0,100.0,D,D
abalone-19_vs_10-11-12-13,KEEL,1622,10,49.688,0.0464,0.0091,0.0201,0.0004,2.5065,0.2864,0.8188,0.0585,1.1138,0.0971,0.0,100.0,C,C,0.0,0.0,100.0,D,D
abalone-20_vs_8-9-10,KEEL,1916,10,72.692,0.2061,0.044,0.0138,0.0003,13.9556,1.3055,1.5281,0.1448,0.7001,0.1014,100.0,0.0,A,A,0.0,0.0,100.0,D,D
protein_homo,imblearn,145751,74,111.462,0.3445,0.0211,0.009,0.0,23.8759,0.6356,12.646,0.2428,0.1273,0.008,100.0,0.0,A,A,0.0,0.0,100.0,D,D
abalone_19,imblearn,4177,10,129.531,0.019,0.0037,0.0077,0.0002,2.5774,0.2732,0.9812,0.0842,0.9634,0.0774,50.0,50.0,CA,C,0.0,0.0,100.0,D,D
