dataset,source,IR,n,d,fiis_R_n,fiis_R_p,fiis_R_g,fiis_C,fiis_R,fiis_trace_0,fiis_trace_1
abalone,imblearn,9.683,4177,10,0.1033,2.6045,1.01,0.991,0.2692,2080.8854,560.0328
abalone-17_vs_7-8-9-10,KEEL,39.31,2338,10,0.0254,6.5633,1.7566,0.731,0.2141,414.3269,87.5535
abalone-19_vs_10-11-12-13,KEEL,49.688,1622,10,0.0201,2.5065,0.8188,1.1138,0.0464,230.3962,10.6965
abalone-20_vs_8-9-10,KEEL,72.692,1916,10,0.0138,13.9556,1.5281,0.7001,0.2061,193.8921,39.2991
abalone-21_vs_8,KEEL,40.5,581,10,0.0247,12.0573,3.6025,0.5708,0.6064,69.0185,41.283
abalone9-18,KEEL,16.405,731,10,0.061,4.1473,1.614,0.8519,0.3464,165.0999,57.1674
abalone_19,imblearn,129.531,4177,10,0.0077,2.5774,0.9812,0.9634,0.019,320.1537,6.0701
arrhythmia,imblearn,17.08,452,278,0.0585,14.431,0.504,1.5717,0.6668,386.9601,257.6654
car_eval_34,imblearn,11.896,1728,21,0.0841,10.4263,1.0002,0.9998,0.8765,298.7056,261.7099
car_eval_4,imblearn,25.585,1728,21,0.0391,23.1732,1.0003,0.9998,0.9058,180.3032,163.2517
cleveland-0_vs_4,KEEL,12.308,173,13,0.0812,9.7951,2.1987,0.5493,0.9602,36.5176,34.8302
coil_2000,imblearn,15.761,9822,85,0.0634,2.1194,1.2862,1.228,0.2124,31370.4011,6661.4777
ecoli,imblearn,8.6,336,7,0.1163,5.1034,1.0755,0.8467,0.531,65.4034,34.1842
ecoli-0-1-3-7_vs_2-6,KEEL,39.143,281,7,0.0256,9.6857,4.7963,0.5475,0.6254,22.5627,13.8544
ecoli-0-1-4-6_vs_5,KEEL,13.0,280,6,0.0769,5.8012,1.8775,0.6621,0.5511,37.8139,20.6555
ecoli-0-1-4-7_vs_2-3-5-6,KEEL,10.586,336,7,0.0945,4.3054,4.9626,0.3899,0.7587,46.649,35.1865
ecoli-0-1-4-7_vs_5-6,KEEL,12.28,332,6,0.0814,5.8669,3.2583,0.5442,0.8404,39.7545,33.3096
ecoli-0-1_vs_2-3-5,KEEL,9.167,244,7,0.1091,4.6096,5.2246,0.3461,0.8645,34.1707,28.7336
ecoli-0-1_vs_5,KEEL,11.0,240,6,0.0909,5.8106,3.0894,0.608,0.9428,23.4758,21.9557
ecoli-0-2-3-4_vs_5,KEEL,9.1,202,7,0.1099,4.6392,1.8746,0.7441,0.6991,29.9023,21.0631
ecoli-0-2-6-7_vs_3-5,KEEL,9.182,224,7,0.1089,4.3314,4.2334,0.4577,0.8778,41.9432,36.0828
ecoli-0-3-4-6_vs_5,KEEL,9.25,205,7,0.1081,4.4385,1.6138,0.7795,0.5971,31.7424,18.7915
ecoli-0-3-4-7_vs_5-6,KEEL,9.28,257,7,0.1078,4.6926,2.2994,0.6509,0.7411,38.4742,28.416
ecoli-0-3-4_vs_5,KEEL,9.0,200,7,0.1111,4.6562,1.8634,0.7437,0.702,30.5704,21.5306
ecoli-0-4-6_vs_5,KEEL,9.15,203,6,0.1093,4.3985,1.952,0.6409,0.5968,33.8052,20.0776
ecoli-0-6-7_vs_3-5,KEEL,9.091,222,7,0.11,4.3056,4.2395,0.464,0.9056,41.4568,36.8694
ecoli-0-6-7_vs_5,KEEL,10.0,220,6,0.1,4.9349,2.062,0.6878,0.6906,36.26,24.7755
ecoli-0_vs_1,KEEL,1.857,220,7,0.5385,1.4446,2.8399,0.9453,2.0864,9.489,19.4433
ecoli1,KEEL,3.364,336,7,0.2973,2.5425,0.9038,1.0441,0.7084,70.52,49.6405
ecoli2,KEEL,5.462,336,7,0.1831,3.2728,0.7181,0.8681,0.3715,67.1896,24.9383
ecoli4,KEEL,15.8,336,7,0.0633,9.4038,1.679,0.745,0.7347,24.5455,18.082
glass-0-1-2-3_vs_4-5-6,KEEL,3.196,214,9,0.3129,1.7915,3.4042,0.3892,0.7439,54.6153,40.2162
glass-0-1-4-6_vs_2,KEEL,11.059,205,9,0.0904,2.1754,0.4591,2.2968,0.2066,47.3414,9.8271
glass-0-1-5_vs_2,KEEL,9.118,172,9,0.1097,1.8802,0.5924,1.7684,0.2149,60.9968,13.1382
glass-0-1-6_vs_2,KEEL,10.294,192,9,0.0971,2.1029,0.4928,2.0733,0.2086,51.6322,10.76
glass-0-1-6_vs_5,KEEL,19.444,184,9,0.0514,8.5526,1.4693,0.5557,0.3403,37.8961,12.8323
glass-0-4_vs_5,KEEL,9.222,92,9,0.1085,4.7962,1.7423,0.4729,0.4155,16.1865,6.5811
glass-0-6_vs_5,KEEL,11.0,108,9,0.0909,5.1519,1.5058,0.6477,0.4367,23.9155,10.3622
glass0,KEEL,2.057,214,9,0.4861,1.7355,0.3048,2.143,0.5491,72.331,39.596
glass1,KEEL,1.816,214,9,0.5507,1.2396,0.8578,1.2942,0.7548,142.8778,107.5804
glass2,KEEL,11.588,214,9,0.0863,2.2012,0.4111,2.0573,0.1599,48.9178,7.7981
glass4,KEEL,15.462,214,9,0.0647,6.8045,3.505,0.2502,0.3779,73.558,27.2747
glass5,KEEL,22.778,214,9,0.0439,7.7938,1.3176,0.6978,0.2931,34.3525,10.0571
glass6,KEEL,6.379,214,9,0.1568,4.0356,2.4387,0.4217,0.6512,63.996,40.3234
haberman,KEEL,2.778,306,3,0.36,1.14,1.3943,0.922,0.5243,84.0274,43.9358
iris0,KEEL,2.0,150,4,0.5,1.9848,1.9946,1.6888,3.342,1.8503,6.1699
isolet,imblearn,11.995,7797,617,0.0834,11.4446,0.7269,1.2889,0.8939,9467.2638,8454.8214
led7digit-0-2-4-5-6-7-8-9_vs_1,KEEL,10.973,443,7,0.0911,7.7557,1.429,0.7957,0.8032,64.9525,51.529
letter_img,imblearn,26.248,20000,16,0.0381,11.7199,0.96,0.916,0.3926,2326.5179,913.1435
libras_move,imblearn,14.0,360,90,0.0714,8.3118,1.1415,1.076,0.7229,231.3272,165.4448
mammography,imblearn,42.012,11183,6,0.0238,10.6456,5.6791,0.3531,0.5068,1009.2735,508.6014
new-thyroid1,KEEL,5.143,215,5,0.1944,3.5174,3.3389,1.0731,2.4497,3.5872,8.7442
new-thyroid2,KEEL,5.143,215,5,0.1944,3.5162,3.3362,1.0728,2.4436,3.5923,8.7715
oil,imblearn,21.854,937,49,0.0458,8.8218,1.0701,0.8737,0.3758,661.576,248.6231
optical_digits,imblearn,9.144,5620,64,0.1094,5.2922,0.6611,1.2645,0.4829,2797.8264,1348.9888
ozone_level,imblearn,33.74,2536,72,0.0296,11.0125,0.8927,1.2077,0.3517,1929.659,677.3325
page-blocks-1-3_vs_4,KEEL,15.857,472,10,0.0631,3.2542,5.7991,0.4919,0.5679,82.4682,46.7679
page-blocks0,KEEL,8.789,5472,10,0.1138,3.4819,15.2786,0.2257,1.3637,630.1684,858.5345
pen_digits,imblearn,9.419,10992,16,0.1062,5.2766,1.2548,0.8966,0.6302,2900.2853,1827.5468
pima,KEEL,1.866,768,8,0.536,1.2881,1.4365,0.9079,0.9001,386.497,347.5908
protein_homo,imblearn,111.462,145751,74,0.009,23.8759,12.646,0.1273,0.3445,15330.7361,5278.4337
satimage,imblearn,9.28,6435,36,0.1078,1.9839,0.3373,1.2354,0.0891,10549.9023,939.6711
scene,imblearn,12.599,2407,294,0.0794,4.9807,0.9151,1.1107,0.4015,16191.8717,6494.0631
segment0,KEEL,6.015,2308,19,0.1662,4.858,0.4024,1.782,0.5791,178.3533,103.1629
shuttle-c0-vs-c4,KEEL,13.87,1829,9,0.0721,13.2652,16.7156,1.4761,23.8289,2.4223,55.0295
shuttle-c2-vs-c4,KEEL,20.5,129,9,0.0488,14.0971,3.4531,0.4269,1.0983,7.9276,6.4166
sick_euthyroid,imblearn,9.795,3163,42,0.1021,5.9263,0.5867,1.772,0.6282,1636.1781,1026.5342
solar_flare_m0,imblearn,19.426,1389,32,0.0515,3.3105,2.0512,0.8737,0.3051,1830.1927,556.7955
spectrometer,imblearn,10.8,531,93,0.0926,7.7794,6.7723,0.2848,1.3874,610.2153,841.189
thyroid_sick,imblearn,15.329,3772,52,0.0652,7.8403,1.2416,0.9189,0.5469,2117.7953,1155.4973
us_crime,imblearn,12.293,1994,100,0.0813,5.6935,2.0239,0.6808,0.6375,5228.0796,3329.7829
vehicle0,KEEL,3.251,846,18,0.3076,3.1963,1.031,0.8431,0.8543,354.0862,301.6037
vehicle1,KEEL,2.899,846,18,0.345,1.8434,0.974,1.0287,0.637,930.2393,592.5622
vehicle2,KEEL,2.881,846,18,0.3471,2.4984,1.004,0.859,0.7462,453.1136,337.8984
vehicle3,KEEL,2.991,846,18,0.3344,1.845,0.9954,1.0441,0.6409,972.2178,622.8662
vowel0,KEEL,9.978,988,13,0.1002,7.1385,1.797,0.9353,1.2024,185.4736,222.8897
webpage,imblearn,34.454,34780,300,0.029,11.1154,11.6326,0.1558,0.5851,132059.1616,77254.331
wine_quality,imblearn,25.765,4898,11,0.0388,3.1672,1.8464,0.9234,0.2095,1442.9556,301.9708
wisconsin,KEEL,1.858,683,9,0.5383,1.9832,4.8367,0.3747,1.9359,23.2623,44.7554
yeast-0-2-5-6_vs_3-7-8-9,KEEL,9.141,1004,8,0.1094,3.1438,3.3925,0.8259,0.9615,274.8601,264.1049
yeast-0-2-5-7-9_vs_3-6-8,KEEL,9.141,1004,8,0.1094,4.8202,2.6538,0.9855,1.374,125.4305,172.2131
yeast-0-3-5-9_vs_7-8,KEEL,9.12,506,8,0.1096,1.9787,1.7396,1.0088,0.3775,151.6264,57.4813
yeast-0-5-6-7-9_vs_4,KEEL,9.353,528,8,0.1069,3.2848,1.1421,0.8495,0.3367,156.5708,51.9127
yeast-1-2-8-9_vs_7,KEEL,30.567,947,8,0.0327,3.763,1.0811,1.9494,0.2589,106.7157,27.4536
yeast-1-4-5-8_vs_7,KEEL,22.1,693,8,0.0452,2.14,0.7259,1.657,0.1174,114.6861,13.4477
yeast-1_vs_7,KEEL,14.3,459,7,0.0699,3.3711,1.2903,1.4652,0.4458,77.3682,34.2653
yeast-2_vs_4,KEEL,9.078,514,8,0.1102,4.1372,2.0223,0.9103,0.8266,79.9793,65.5611
yeast-2_vs_8,KEEL,23.1,482,8,0.0433,3.2986,3.9588,0.7683,0.4306,48.1106,20.5726
yeast1,KEEL,2.459,1484,8,0.4066,1.3508,0.7885,1.2358,0.535,750.7829,400.8738
yeast3,KEEL,8.104,1484,8,0.1234,4.7308,0.8238,0.9027,0.4333,259.6251,112.6063
yeast5,KEEL,32.727,1484,8,0.0306,16.8749,1.8771,0.6216,0.6014,134.7204,80.7107
yeast6,KEEL,41.4,1484,8,0.0242,11.8807,1.3044,0.8141,0.3044,171.4071,51.9511
yeast_me2,imblearn,28.098,1484,8,0.0356,6.1585,1.4834,0.763,0.2426,255.2221,61.4082
yeast_ml8,imblearn,12.579,2417,103,0.0795,2.04,1.001,0.9996,0.1623,10625.3751,1722.8845
